{"cameraMode":{"drawMode":0,"name":"Shaded","section":"Shading Mode"},"sceneLighting":true,"audioPlay":false,"sceneViewState":{"m_AlwaysRefresh":false,"showFog":true,"showSkybox":true,"showFlares":true,"showImageEffects":true,"showParticleSystems":true,"showVisualEffectGraphs":true,"m_FxEnabled":true},"in2DMode":false,"pivot":{"x":-2.135284423828125,"y":2.766317367553711,"z":5.639084815979004},"rotation":{"x":0.010186743922531605,"y":-0.024899089708924295,"z":-0.00025456835282966495,"w":-0.9996413588523865},"size":6.7324299812316898,"orthographic":false}