{"cameraMode":{"drawMode":0,"name":"Shaded","section":"Shading Mode"},"sceneLighting":true,"audioPlay":false,"sceneViewState":{"m_AlwaysRefresh":false,"showFog":true,"showSkybox":true,"showFlares":true,"showImageEffects":true,"showParticleSystems":true,"showVisualEffectGraphs":true,"m_FxEnabled":true},"in2DMode":false,"pivot":{"x":2.47104549407959,"y":1.1887801885604859,"z":1.8332476615905762},"rotation":{"x":0.17568843066692353,"y":-0.18918822705745698,"z":0.034427061676979068,"w":0.965483546257019},"size":6.559638500213623,"orthographic":false}