{"cameraMode":{"drawMode":0,"name":"Shaded","section":"Shading Mode"},"sceneLighting":true,"audioPlay":false,"sceneViewState":{"m_AlwaysRefresh":false,"showFog":true,"showSkybox":true,"showFlares":true,"showImageEffects":true,"showParticleSystems":true,"showVisualEffectGraphs":true,"m_FxEnabled":true},"in2DMode":false,"pivot":{"x":0.18524335324764253,"y":-0.3760327994823456,"z":0.0257320087403059},"rotation":{"x":-0.24933527410030366,"y":-0.006976286880671978,"z":0.0017960404511541129,"w":-0.9683937430381775},"size":7.875349521636963,"orthographic":true}